model,feature_set,.threshold,specificity,sensitivity
rf,clinical,-Inf,0,1
rf,clinical,0.03634311005827012,0,1
rf,clinical,0.10205071635867131,0.020000000000000018,1
rf,clinical,0.16254209683130436,0.040000000000000036,1
rf,clinical,0.23992009652838472,0.040000000000000036,0.98
rf,clinical,0.24553506996584193,0.040000000000000036,0.96
rf,clinical,0.2674294628521638,0.06000000000000005,0.96
rf,clinical,0.27341051714142783,0.07999999999999996,0.96
rf,clinical,0.3013028154394556,0.09999999999999998,0.96
rf,clinical,0.3374227018142144,0.09999999999999998,0.94
rf,clinical,0.40295928211141746,0.12,0.94
rf,clinical,0.4369025550099366,0.12,0.92
rf,clinical,0.5734413219081657,0.14,0.92
rf,clinical,0.6321205047466725,0.14,0.9
rf,clinical,0.6719113723212229,0.14,0.88
rf,clinical,0.8594746010576357,0.14,0.86
rf,clinical,0.8636765510706554,0.16000000000000003,0.86
rf,clinical,0.8924078024044889,0.18000000000000005,0.86
rf,clinical,0.8965823928924321,0.19999999999999996,0.86
rf,clinical,0.9020776198301766,0.21999999999999997,0.86
rf,clinical,0.9188170372112305,0.24,0.86
rf,clinical,0.937186886935808,0.26,0.86
rf,clinical,0.9385001618809592,0.28,0.86
rf,clinical,0.941219489786308,0.30000000000000004,0.86
rf,clinical,0.9416874367416183,0.31999999999999995,0.86
rf,clinical,0.9419457912873673,0.33999999999999997,0.86
rf,clinical,0.9421740490975207,0.36,0.86
rf,clinical,0.9428048765480743,0.38,0.86
rf,clinical,0.9428145983047109,0.4,0.86
rf,clinical,0.9437629917299717,0.42000000000000004,0.86
rf,clinical,0.9441311034977266,0.43999999999999995,0.86
rf,clinical,0.9444642917447551,0.43999999999999995,0.84
rf,clinical,0.9445081163199597,0.45999999999999996,0.84
rf,clinical,0.9446876245513982,0.45999999999999996,0.82
rf,clinical,0.9454634022511313,0.48,0.82
rf,clinical,0.945725632152132,0.5,0.82
rf,clinical,0.9457995563963899,0.52,0.82
rf,clinical,0.9467036706051989,0.54,0.82
rf,clinical,0.9539049167326524,0.54,0.8
rf,clinical,0.9557478007299592,0.56,0.8
rf,clinical,0.9620777701636474,0.56,0.78
rf,clinical,0.9635524655097304,0.5800000000000001,0.78
rf,clinical,0.9636876926421325,0.6,0.78
rf,clinical,0.9642199362224748,0.62,0.78
rf,clinical,0.9649726940732926,0.64,0.78
rf,clinical,0.9651916579489229,0.6599999999999999,0.78
rf,clinical,0.965658428285967,0.6799999999999999,0.78
rf,clinical,0.9661813552615257,0.7,0.78
rf,clinical,0.9670760991613052,0.7,0.76
rf,clinical,0.9683283689411379,0.7,0.74
rf,clinical,0.9690269580045554,0.72,0.74
rf,clinical,0.9691158250558638,0.74,0.74
rf,clinical,0.9701502162264811,0.76,0.74
rf,clinical,0.9815842484997518,0.78,0.74
rf,clinical,0.9819141052774849,0.78,0.72
rf,clinical,0.9820321594099976,0.8,0.72
rf,clinical,0.9827361935364258,0.8,0.7
rf,clinical,0.9831270689760276,0.8,0.68
rf,clinical,0.983920221788875,0.8,0.66
rf,clinical,0.984350513373772,0.8,0.64
rf,clinical,0.9844813275242927,0.8,0.62
rf,clinical,0.9846650613431338,0.8,0.6
rf,clinical,0.984954902895512,0.8200000000000001,0.6
rf,clinical,0.9849982881669413,0.8200000000000001,0.58
rf,clinical,0.9851774749669984,0.8200000000000001,0.56
rf,clinical,0.9853847659439953,0.8200000000000001,0.54
rf,clinical,0.9864298088547057,0.8200000000000001,0.52
rf,clinical,0.9867557646928133,0.84,0.52
rf,clinical,0.9868920777777896,0.86,0.52
rf,clinical,0.9870782767052116,0.86,0.5
rf,clinical,0.9875945302431368,0.86,0.48
rf,clinical,0.9884698485006583,0.86,0.46
rf,clinical,0.9889416232335925,0.88,0.46
rf,clinical,0.9889728516957235,0.88,0.44
rf,clinical,0.9894559761220834,0.9,0.44
rf,clinical,0.989733995692344,0.9,0.42
rf,clinical,0.9897819231892652,0.9,0.4
rf,clinical,0.9900716721541959,0.92,0.4
rf,clinical,0.9900855852306982,0.92,0.38
rf,clinical,0.9901514947226947,0.92,0.36
rf,clinical,0.9902712597026063,0.92,0.34
rf,clinical,0.9904346491610166,0.92,0.32
rf,clinical,0.9907213226682889,0.94,0.32
rf,clinical,0.9908234142271379,0.94,0.3
rf,clinical,0.9908965744679522,0.94,0.28
rf,clinical,0.9916746715393773,0.96,0.28
rf,clinical,0.9918176594472884,0.96,0.26
rf,clinical,0.9921162293993674,0.96,0.24
rf,clinical,0.9923488803225757,0.96,0.22
rf,clinical,0.9924152675530235,0.96,0.2
rf,clinical,0.9925659804568322,0.96,0.18
rf,clinical,0.9927128645599512,0.96,0.16
rf,clinical,0.9952453945693109,0.96,0.14
rf,clinical,0.9955961521450682,0.96,0.12
rf,clinical,0.9962336100472791,0.96,0.1
rf,clinical,0.9964150699430652,0.98,0.1
rf,clinical,0.9964340013134441,0.98,0.08
rf,clinical,0.996520732196525,0.98,0.06
rf,clinical,0.996763337153043,0.98,0.04
rf,clinical,0.9969349303445205,1,0.04
rf,clinical,0.999447108517225,1,0.02
rf,clinical,Inf,1,0
rf,clinical_biomarkers,-Inf,0,1
rf,clinical_biomarkers,0.14730345590861843,0,1
rf,clinical_biomarkers,0.1937449705549294,0.020000000000000018,1
rf,clinical_biomarkers,0.22344176826282994,0.040000000000000036,1
rf,clinical_biomarkers,0.2300178838477126,0.06000000000000005,1
rf,clinical_biomarkers,0.27456777600829824,0.07999999999999996,1
rf,clinical_biomarkers,0.28944342400328094,0.09999999999999998,1
rf,clinical_biomarkers,0.29952930141934536,0.12,1
rf,clinical_biomarkers,0.3044938870811516,0.14,1
rf,clinical_biomarkers,0.30691649720391834,0.16000000000000003,1
rf,clinical_biomarkers,0.31480730928947004,0.18000000000000005,1
rf,clinical_biomarkers,0.3169950189981166,0.19999999999999996,1
rf,clinical_biomarkers,0.3201352915780865,0.21999999999999997,1
rf,clinical_biomarkers,0.32416239993182755,0.24,1
rf,clinical_biomarkers,0.32461815349078715,0.26,1
rf,clinical_biomarkers,0.32993713166517863,0.28,1
rf,clinical_biomarkers,0.3335928538361679,0.30000000000000004,1
rf,clinical_biomarkers,0.3396259817410114,0.31999999999999995,1
rf,clinical_biomarkers,0.3421249466804184,0.31999999999999995,0.98
rf,clinical_biomarkers,0.3433543513265645,0.33999999999999997,0.98
rf,clinical_biomarkers,0.3443297494297122,0.33999999999999997,0.96
rf,clinical_biomarkers,0.34590354552387875,0.36,0.96
rf,clinical_biomarkers,0.3467854471200427,0.38,0.96
rf,clinical_biomarkers,0.3484461133072996,0.4,0.96
rf,clinical_biomarkers,0.34954503207756904,0.42000000000000004,0.96
rf,clinical_biomarkers,0.3500350345610905,0.43999999999999995,0.96
rf,clinical_biomarkers,0.3575735570829933,0.45999999999999996,0.96
rf,clinical_biomarkers,0.35820954307293557,0.45999999999999996,0.94
rf,clinical_biomarkers,0.35946031474845924,0.48,0.94
rf,clinical_biomarkers,0.3639633303421703,0.5,0.94
rf,clinical_biomarkers,0.3646656527094981,0.52,0.94
rf,clinical_biomarkers,0.36940464945992313,0.54,0.94
rf,clinical_biomarkers,0.3721955275158255,0.56,0.94
rf,clinical_biomarkers,0.37284173259873427,0.5800000000000001,0.94
rf,clinical_biomarkers,0.3736989458907281,0.6,0.94
rf,clinical_biomarkers,0.37449978080803487,0.62,0.94
rf,clinical_biomarkers,0.3757220693179383,0.64,0.94
rf,clinical_biomarkers,0.3796470169720463,0.6599999999999999,0.94
rf,clinical_biomarkers,0.38298725453880506,0.6799999999999999,0.94
rf,clinical_biomarkers,0.38681543120064854,0.7,0.94
rf,clinical_biomarkers,0.3956902879881097,0.72,0.94
rf,clinical_biomarkers,0.39639981313483186,0.72,0.92
rf,clinical_biomarkers,0.39747858812417397,0.74,0.92
rf,clinical_biomarkers,0.3993754883443793,0.76,0.92
rf,clinical_biomarkers,0.407344851225547,0.78,0.92
rf,clinical_biomarkers,0.41121096561306975,0.8,0.92
rf,clinical_biomarkers,0.4115334664444934,0.8200000000000001,0.92
rf,clinical_biomarkers,0.41686425959795514,0.84,0.92
rf,clinical_biomarkers,0.4198396309737458,0.86,0.92
rf,clinical_biomarkers,0.42819241927906065,0.88,0.92
rf,clinical_biomarkers,0.4290604396102598,0.88,0.9
rf,clinical_biomarkers,0.43276785728716083,0.9,0.9
rf,clinical_biomarkers,0.43441359714151795,0.9,0.88
rf,clinical_biomarkers,0.43948921119797973,0.9,0.86
rf,clinical_biomarkers,0.44020274184118996,0.92,0.86
rf,clinical_biomarkers,0.44519567699509943,0.94,0.86
rf,clinical_biomarkers,0.4456369421575752,0.96,0.86
rf,clinical_biomarkers,0.45328172996136257,0.96,0.84
rf,clinical_biomarkers,0.4549225353097373,0.96,0.82
rf,clinical_biomarkers,0.4624125886263243,0.96,0.8
rf,clinical_biomarkers,0.4633849242394962,0.96,0.78
rf,clinical_biomarkers,0.4722856441585092,0.98,0.78
rf,clinical_biomarkers,0.48625337880788744,1,0.78
rf,clinical_biomarkers,0.4883515304725896,1,0.76
rf,clinical_biomarkers,0.4928682858460387,1,0.74
rf,clinical_biomarkers,0.4945996105596909,1,0.72
rf,clinical_biomarkers,0.4957855524083725,1,0.7
rf,clinical_biomarkers,0.4959206305959375,1,0.68
rf,clinical_biomarkers,0.49906821703104776,1,0.66
rf,clinical_biomarkers,0.5072091853145158,1,0.64
rf,clinical_biomarkers,0.5096915901342137,1,0.62
rf,clinical_biomarkers,0.5146059007971795,1,0.6
rf,clinical_biomarkers,0.5162699369847603,1,0.58
rf,clinical_biomarkers,0.5232198055305388,1,0.56
rf,clinical_biomarkers,0.5371029628915174,1,0.54
rf,clinical_biomarkers,0.5467519268513488,1,0.52
rf,clinical_biomarkers,0.5504315721274623,1,0.5
rf,clinical_biomarkers,0.5521794931958933,1,0.48
rf,clinical_biomarkers,0.5536406836399131,1,0.46
rf,clinical_biomarkers,0.5542022892156248,1,0.44
rf,clinical_biomarkers,0.5562796044270099,1,0.42
rf,clinical_biomarkers,0.5575301722383161,1,0.4
rf,clinical_biomarkers,0.5606239172352329,1,0.38
rf,clinical_biomarkers,0.5645436356246758,1,0.36
rf,clinical_biomarkers,0.569212369886666,1,0.34
rf,clinical_biomarkers,0.571263133181402,1,0.32
rf,clinical_biomarkers,0.5759960658809874,1,0.3
rf,clinical_biomarkers,0.5793535867131497,1,0.28
rf,clinical_biomarkers,0.5918606944590605,1,0.26
rf,clinical_biomarkers,0.6125232312695029,1,0.24
rf,clinical_biomarkers,0.620331162690478,1,0.22
rf,clinical_biomarkers,0.6205308179372558,1,0.2
rf,clinical_biomarkers,0.6223179274861433,1,0.18
rf,clinical_biomarkers,0.6367684423834374,1,0.16
rf,clinical_biomarkers,0.6619512952710176,1,0.14
rf,clinical_biomarkers,0.6787014231982469,1,0.12
rf,clinical_biomarkers,0.6800107089933534,1,0.1
rf,clinical_biomarkers,0.7032284446951856,1,0.08
rf,clinical_biomarkers,0.711529969263428,1,0.06
rf,clinical_biomarkers,0.7282233309260757,1,0.04
rf,clinical_biomarkers,0.7402375701264766,1,0.02
rf,clinical_biomarkers,Inf,1,0
svm_linear,clinical,-Inf,0,1
svm_linear,clinical,0.03423980077458455,0,1
svm_linear,clinical,0.041112012381417706,0,0.98
svm_linear,clinical,0.04878228879199297,0.020000000000000018,0.98
svm_linear,clinical,0.07555833387006472,0.040000000000000036,0.98
svm_linear,clinical,0.08359271641701815,0.06000000000000005,0.98
svm_linear,clinical,0.08375280507217187,0.07999999999999996,0.98
svm_linear,clinical,0.09102308492384847,0.09999999999999998,0.98
svm_linear,clinical,0.11215843602838117,0.12,0.98
svm_linear,clinical,0.11397742810498157,0.14,0.98
svm_linear,clinical,0.12071589054535137,0.16000000000000003,0.98
svm_linear,clinical,0.14047279965206094,0.18000000000000005,0.98
svm_linear,clinical,0.1407244529331022,0.19999999999999996,0.98
svm_linear,clinical,0.1658043756640144,0.21999999999999997,0.98
svm_linear,clinical,0.17453572524915983,0.24,0.98
svm_linear,clinical,0.18430312054071596,0.26,0.98
svm_linear,clinical,0.20042936192301508,0.28,0.98
svm_linear,clinical,0.21822499396258,0.30000000000000004,0.98
svm_linear,clinical,0.23080262426668363,0.31999999999999995,0.98
svm_linear,clinical,0.24512858782563138,0.33999999999999997,0.98
svm_linear,clinical,0.26433141210037414,0.36,0.98
svm_linear,clinical,0.33023253365917893,0.38,0.98
svm_linear,clinical,0.3727338440048603,0.4,0.98
svm_linear,clinical,0.3748225842009427,0.4,0.96
svm_linear,clinical,0.37939094530020623,0.42000000000000004,0.96
svm_linear,clinical,0.38748466270385484,0.43999999999999995,0.96
svm_linear,clinical,0.4062478662582044,0.45999999999999996,0.96
svm_linear,clinical,0.47476686972473775,0.45999999999999996,0.94
svm_linear,clinical,0.49369359603506313,0.48,0.94
svm_linear,clinical,0.4979867707082044,0.5,0.94
svm_linear,clinical,0.5213953153534705,0.52,0.94
svm_linear,clinical,0.5407370281988066,0.54,0.94
svm_linear,clinical,0.5458358528725825,0.56,0.94
svm_linear,clinical,0.563700071313477,0.5800000000000001,0.94
svm_linear,clinical,0.5708210938375514,0.6,0.94
svm_linear,clinical,0.5902118473103547,0.6,0.92
svm_linear,clinical,0.5930041245719063,0.62,0.92
svm_linear,clinical,0.6036793581388843,0.62,0.9
svm_linear,clinical,0.6117278104226125,0.64,0.9
svm_linear,clinical,0.6230393383702426,0.64,0.88
svm_linear,clinical,0.6255157658367952,0.6599999999999999,0.88
svm_linear,clinical,0.6289236812863245,0.6799999999999999,0.88
svm_linear,clinical,0.6306017955883615,0.7,0.88
svm_linear,clinical,0.6378837158621539,0.72,0.88
svm_linear,clinical,0.6549499198644707,0.74,0.88
svm_linear,clinical,0.6609619842178169,0.76,0.88
svm_linear,clinical,0.66472825179170425,0.78,0.88
svm_linear,clinical,0.6668768362704677,0.78,0.86
svm_linear,clinical,0.6898132761339502,0.78,0.84
svm_linear,clinical,0.6972023744001538,0.8,0.84
svm_linear,clinical,0.708960678872437,0.8200000000000001,0.84
svm_linear,clinical,0.7280920418441106,0.8200000000000001,0.82
svm_linear,clinical,0.728413886844396,0.8200000000000001,0.8
svm_linear,clinical,0.7510230616486188,0.84,0.8
svm_linear,clinical,0.7555448321963415,0.86,0.8
svm_linear,clinical,0.7608111851734576,0.86,0.78
svm_linear,clinical,0.7641427961725898,0.86,0.76
svm_linear,clinical,0.7738311690461266,0.86,0.74
svm_linear,clinical,0.7911353291630302,0.88,0.74
svm_linear,clinical,0.794654206219784,0.88,0.72
svm_linear,clinical,0.8149279567186284,0.88,0.7
svm_linear,clinical,0.815829009237307,0.9,0.7
svm_linear,clinical,0.822693410573291,0.9,0.68
svm_linear,clinical,0.8236956230577644,0.9,0.66
svm_linear,clinical,0.8243115165672805,0.92,0.66
svm_linear,clinical,0.8270027954346788,0.92,0.64
svm_linear,clinical,0.8343299390289475,0.92,0.62
svm_linear,clinical,0.8361607099051416,0.92,0.6
svm_linear,clinical,0.8390419468232385,0.92,0.58
svm_linear,clinical,0.8440594507576088,0.92,0.56
svm_linear,clinical,0.8509046451823374,0.92,0.54
svm_linear,clinical,0.8526237761274286,0.92,0.52
svm_linear,clinical,0.8553434323129634,0.92,0.5
svm_linear,clinical,0.8584493442669808,0.92,0.48
svm_linear,clinical,0.8590582379805306,0.92,0.46
svm_linear,clinical,0.8755343450471985,0.92,0.44
svm_linear,clinical,0.8805014442892742,0.92,0.42
svm_linear,clinical,0.8875591580588769,0.92,0.4
svm_linear,clinical,0.8894952320376556,0.92,0.38
svm_linear,clinical,0.9040424186060165,0.92,0.36
svm_linear,clinical,0.9068966465021775,0.92,0.34
svm_linear,clinical,0.917416888130693,0.92,0.32
svm_linear,clinical,0.9231335408804119,0.92,0.3
svm_linear,clinical,0.9318424109488309,0.92,0.28
svm_linear,clinical,0.932961446666674,0.92,0.26
svm_linear,clinical,0.9390210341904998,0.94,0.26
svm_linear,clinical,0.9391916415368042,0.94,0.24
svm_linear,clinical,0.9478108605680541,0.94,0.22
svm_linear,clinical,0.9549243198341679,0.96,0.22
svm_linear,clinical,0.9571586838321402,0.96,0.2
svm_linear,clinical,0.9588073187337265,0.96,0.18
svm_linear,clinical,0.9588567094340492,0.96,0.16
svm_linear,clinical,0.9596121843204404,0.96,0.14
svm_linear,clinical,0.9602406735406512,0.96,0.12
svm_linear,clinical,0.9680126214291415,0.96,0.1
svm_linear,clinical,0.9732893388680991,0.98,0.1
svm_linear,clinical,0.9741763778661451,0.98,0.08
svm_linear,clinical,0.9784501846823046,0.98,0.06
svm_linear,clinical,0.9815997770494153,0.98,0.04
svm_linear,clinical,0.9870666416922936,0.98,0.02
svm_linear,clinical,0.9933944032824582,0.98,0
svm_linear,clinical,Inf,1,0
svm_linear,clinical_biomarkers,-Inf,0,1
svm_linear,clinical_biomarkers,1.6517194334486618e-7,0,1
svm_linear,clinical_biomarkers,3.416228577801661e-7,0.020000000000000018,1
svm_linear,clinical_biomarkers,3.8458378648353886e-7,0.040000000000000036,1
svm_linear,clinical_biomarkers,7.354237429035848e-7,0.06000000000000005,1
svm_linear,clinical_biomarkers,1.1349432744722776e-6,0.07999999999999996,1
svm_linear,clinical_biomarkers,1.3033910331028409e-6,0.09999999999999998,1
svm_linear,clinical_biomarkers,1.5507862556329854e-6,0.12,1
svm_linear,clinical_biomarkers,2.2442252739507396e-6,0.14,1
svm_linear,clinical_biomarkers,2.364762890283423e-6,0.16000000000000003,1
svm_linear,clinical_biomarkers,2.5478728983285848e-6,0.18000000000000005,1
svm_linear,clinical_biomarkers,2.75907364577499e-6,0.19999999999999996,1
svm_linear,clinical_biomarkers,2.77227850720152e-6,0.21999999999999997,1
svm_linear,clinical_biomarkers,3.7956425064100685e-6,0.24,1
svm_linear,clinical_biomarkers,4.5217971997857376e-6,0.26,1
svm_linear,clinical_biomarkers,4.640483143969476e-6,0.28,1
svm_linear,clinical_biomarkers,7.295631212156373e-6,0.30000000000000004,1
svm_linear,clinical_biomarkers,7.455860278615667e-6,0.31999999999999995,1
svm_linear,clinical_biomarkers,8.748248403245285e-6,0.33999999999999997,1
svm_linear,clinical_biomarkers,9.397547726663902e-6,0.36,1
svm_linear,clinical_biomarkers,1.0908273980425598e-5,0.38,1
svm_linear,clinical_biomarkers,1.1780016793694337e-5,0.4,1
svm_linear,clinical_biomarkers,1.2936129548890563e-5,0.42000000000000004,1
svm_linear,clinical_biomarkers,1.6352588831258785e-5,0.43999999999999995,1
svm_linear,clinical_biomarkers,2.0066465837187408e-5,0.45999999999999996,1
svm_linear,clinical_biomarkers,2.59211919596547e-5,0.48,1
svm_linear,clinical_biomarkers,2.6966009042173056e-5,0.5,1
svm_linear,clinical_biomarkers,2.9635731977117885e-5,0.52,1
svm_linear,clinical_biomarkers,3.285762495119915e-5,0.54,1
svm_linear,clinical_biomarkers,3.7468419190278546e-5,0.56,1
svm_linear,clinical_biomarkers,4.350534503971826e-5,0.5800000000000001,1
svm_linear,clinical_biomarkers,5.530969930378493e-5,0.6,1
svm_linear,clinical_biomarkers,5.857229260441965e-5,0.62,1
svm_linear,clinical_biomarkers,8.357004456227557e-5,0.64,1
svm_linear,clinical_biomarkers,8.782296179399296e-5,0.6599999999999999,1
svm_linear,clinical_biomarkers,1.2512947337905977e-4,0.6799999999999999,1
svm_linear,clinical_biomarkers,1.606814913466259e-4,0.7,1
svm_linear,clinical_biomarkers,1.9873462188835234e-4,0.72,1
svm_linear,clinical_biomarkers,2.0351018510667007e-4,0.74,1
svm_linear,clinical_biomarkers,2.3808170429118203e-4,0.76,1
svm_linear,clinical_biomarkers,6.069315207074544e-4,0.78,1
svm_linear,clinical_biomarkers,6.818280876678129e-4,0.8,1
svm_linear,clinical_biomarkers,7.630994253912116e-4,0.8200000000000001,1
svm_linear,clinical_biomarkers,0.0015177053970876209,0.84,1
svm_linear,clinical_biomarkers,0.0019155191257685944,0.86,1
svm_linear,clinical_biomarkers,0.0019770523677585805,0.88,1
svm_linear,clinical_biomarkers,0.002436674373622383,0.9,1
svm_linear,clinical_biomarkers,0.003421364336854027,0.92,1
svm_linear,clinical_biomarkers,0.005152915143982084,0.94,1
svm_linear,clinical_biomarkers,0.005353337932936353,0.96,1
svm_linear,clinical_biomarkers,0.014357338186052782,0.98,1
svm_linear,clinical_biomarkers,0.01828379354917964,1,1
svm_linear,clinical_biomarkers,0.019089028939813124,1,0.98
svm_linear,clinical_biomarkers,0.032122324201932395,1,0.96
svm_linear,clinical_biomarkers,0.0356519653985371,1,0.94
svm_linear,clinical_biomarkers,0.03651420277355266,1,0.92
svm_linear,clinical_biomarkers,0.03850584269907742,1,0.9
svm_linear,clinical_biomarkers,0.04060665919636719,1,0.88
svm_linear,clinical_biomarkers,0.06411718448557413,1,0.86
svm_linear,clinical_biomarkers,0.12374809628838124,1,0.84
svm_linear,clinical_biomarkers,0.1525054814082103,1,0.82
svm_linear,clinical_biomarkers,0.15920346348692482,1,0.8
svm_linear,clinical_biomarkers,0.17260209111006686,1,0.78
svm_linear,clinical_biomarkers,0.21659761495025398,1,0.76
svm_linear,clinical_biomarkers,0.22865412245834182,1,0.74
svm_linear,clinical_biomarkers,0.27838845484108377,1,0.72
svm_linear,clinical_biomarkers,0.3161156524564954,1,0.7
svm_linear,clinical_biomarkers,0.33679881488428887,1,0.68
svm_linear,clinical_biomarkers,0.3405933189517184,1,0.66
svm_linear,clinical_biomarkers,0.4160331815569353,1,0.64
svm_linear,clinical_biomarkers,0.4485929898741747,1,0.62
svm_linear,clinical_biomarkers,0.45916443951842795,1,0.6
svm_linear,clinical_biomarkers,0.47030496547751915,1,0.58
svm_linear,clinical_biomarkers,0.48041959740764184,1,0.56
svm_linear,clinical_biomarkers,0.48700223943162985,1,0.54
svm_linear,clinical_biomarkers,0.5715915940708406,1,0.52
svm_linear,clinical_biomarkers,0.6219277074448876,1,0.5
svm_linear,clinical_biomarkers,0.6301949559296023,1,0.48
svm_linear,clinical_biomarkers,0.6579109936761895,1,0.46
svm_linear,clinical_biomarkers,0.6899521089866583,1,0.44
svm_linear,clinical_biomarkers,0.6994912322348341,1,0.42
svm_linear,clinical_biomarkers,0.7339503708059135,1,0.4
svm_linear,clinical_biomarkers,0.7908691376453314,1,0.38
svm_linear,clinical_biomarkers,0.8083599008994993,1,0.36
svm_linear,clinical_biomarkers,0.8188335453059676,1,0.34
svm_linear,clinical_biomarkers,0.8442153177936579,1,0.32
svm_linear,clinical_biomarkers,0.9000581756043764,1,0.3
svm_linear,clinical_biomarkers,0.9120003510246809,1,0.28
svm_linear,clinical_biomarkers,0.9124594156529344,1,0.26
svm_linear,clinical_biomarkers,0.9186782470502639,1,0.24
svm_linear,clinical_biomarkers,0.9271428646666975,1,0.22
svm_linear,clinical_biomarkers,0.9273363340548673,1,0.2
svm_linear,clinical_biomarkers,0.9657741628646567,1,0.18
svm_linear,clinical_biomarkers,0.9737720040499679,1,0.16
svm_linear,clinical_biomarkers,0.9762591579217267,1,0.14
svm_linear,clinical_biomarkers,0.9890489274428502,1,0.12
svm_linear,clinical_biomarkers,0.9906658920141629,1,0.1
svm_linear,clinical_biomarkers,0.990998148368185,1,0.08
svm_linear,clinical_biomarkers,0.9927309639030143,1,0.06
svm_linear,clinical_biomarkers,0.996852261183987,1,0.04
svm_linear,clinical_biomarkers,0.9999246271981015,1,0.02
svm_linear,clinical_biomarkers,Inf,1,0
svm_rbf,clinical,-Inf,0,1
svm_rbf,clinical,0.060450262779638386,0,1
svm_rbf,clinical,0.09847657898499662,0.020000000000000018,1
svm_rbf,clinical,0.12035591557891523,0.040000000000000036,1
svm_rbf,clinical,0.13557275848710448,0.06000000000000005,1
svm_rbf,clinical,0.13748232308383534,0.07999999999999996,1
svm_rbf,clinical,0.1459044923520636,0.07999999999999996,0.98
svm_rbf,clinical,0.15619021035150105,0.09999999999999998,0.98
svm_rbf,clinical,0.17813397274255147,0.12,0.98
svm_rbf,clinical,0.19631520827444104,0.14,0.98
svm_rbf,clinical,0.22272839494896965,0.16000000000000003,0.98
svm_rbf,clinical,0.24499227480592287,0.18000000000000005,0.98
svm_rbf,clinical,0.26974726243186364,0.19999999999999996,0.98
svm_rbf,clinical,0.27524432807132104,0.21999999999999997,0.98
svm_rbf,clinical,0.32777891180108465,0.21999999999999997,0.96
svm_rbf,clinical,0.335542420103347,0.24,0.96
svm_rbf,clinical,0.3513874296535553,0.26,0.96
svm_rbf,clinical,0.3641442211118173,0.26,0.94
svm_rbf,clinical,0.39002377888130124,0.28,0.94
svm_rbf,clinical,0.3926722353054548,0.30000000000000004,0.94
svm_rbf,clinical,0.43078592436635077,0.31999999999999995,0.94
svm_rbf,clinical,0.4462536136961684,0.33999999999999997,0.94
svm_rbf,clinical,0.47294754804845407,0.36,0.94
svm_rbf,clinical,0.5156913325330317,0.38,0.94
svm_rbf,clinical,0.5184109757514235,0.4,0.94
svm_rbf,clinical,0.5219291274389747,0.4,0.92
svm_rbf,clinical,0.5401360496574393,0.42000000000000004,0.92
svm_rbf,clinical,0.559558547295086,0.42000000000000004,0.9
svm_rbf,clinical,0.5821327773976289,0.43999999999999995,0.9
svm_rbf,clinical,0.5865600164862084,0.45999999999999996,0.9
svm_rbf,clinical,0.5881409510632379,0.48,0.9
svm_rbf,clinical,0.6151321581718916,0.5,0.9
svm_rbf,clinical,0.6160674589100879,0.5,0.88
svm_rbf,clinical,0.6219620473405291,0.52,0.88
svm_rbf,clinical,0.6371154031117653,0.54,0.88
svm_rbf,clinical,0.6421506846767572,0.56,0.88
svm_rbf,clinical,0.6516984364816798,0.5800000000000001,0.88
svm_rbf,clinical,0.6597301062529519,0.6,0.88
svm_rbf,clinical,0.6670888162209438,0.62,0.88
svm_rbf,clinical,0.6964836142737696,0.62,0.86
svm_rbf,clinical,0.7275825741824746,0.64,0.86
svm_rbf,clinical,0.7484509248266576,0.64,0.84
svm_rbf,clinical,0.7721083916572624,0.6599999999999999,0.84
svm_rbf,clinical,0.7752910585296123,0.6799999999999999,0.84
svm_rbf,clinical,0.7846010687198511,0.6799999999999999,0.82
svm_rbf,clinical,0.7910988013030023,0.6799999999999999,0.8
svm_rbf,clinical,0.7917476957327143,0.7,0.8
svm_rbf,clinical,0.8014333083046213,0.7,0.78
svm_rbf,clinical,0.8107792182645307,0.72,0.78
svm_rbf,clinical,0.8112084184132715,0.74,0.78
svm_rbf,clinical,0.8285907838808175,0.74,0.76
svm_rbf,clinical,0.8412210514233217,0.76,0.76
svm_rbf,clinical,0.8427408685030594,0.76,0.74
svm_rbf,clinical,0.849503699784852,0.78,0.74
svm_rbf,clinical,0.8535079668325143,0.8,0.74
svm_rbf,clinical,0.8643064765834281,0.8,0.72
svm_rbf,clinical,0.864627162595996,0.8,0.7
svm_rbf,clinical,0.8735412476547253,0.8,0.68
svm_rbf,clinical,0.8848089403818813,0.8,0.66
svm_rbf,clinical,0.8928506139537866,0.8200000000000001,0.66
svm_rbf,clinical,0.9005795817639083,0.8200000000000001,0.64
svm_rbf,clinical,0.9030905023050273,0.84,0.64
svm_rbf,clinical,0.9046411267633047,0.84,0.62
svm_rbf,clinical,0.9076235497533327,0.84,0.6
svm_rbf,clinical,0.9122064506775972,0.86,0.6
svm_rbf,clinical,0.9202454670299461,0.86,0.58
svm_rbf,clinical,0.9359715773465108,0.88,0.58
svm_rbf,clinical,0.9364423860222846,0.88,0.56
svm_rbf,clinical,0.9460571409010754,0.88,0.54
svm_rbf,clinical,0.9469622789769245,0.88,0.52
svm_rbf,clinical,0.9505692194228867,0.88,0.5
svm_rbf,clinical,0.95367330066821,0.88,0.48
svm_rbf,clinical,0.9538330990305509,0.88,0.46
svm_rbf,clinical,0.9549826085342734,0.88,0.44
svm_rbf,clinical,0.9558702572976023,0.88,0.42
svm_rbf,clinical,0.9574720872363969,0.9,0.42
svm_rbf,clinical,0.9590613686564888,0.9,0.4
svm_rbf,clinical,0.9620985480553358,0.9,0.38
svm_rbf,clinical,0.9624746642491816,0.9,0.36
svm_rbf,clinical,0.9676093872685294,0.92,0.36
svm_rbf,clinical,0.9702680195125887,0.92,0.34
svm_rbf,clinical,0.9726026811528387,0.92,0.32
svm_rbf,clinical,0.9776683331835091,0.92,0.3
svm_rbf,clinical,0.9791581006397011,0.92,0.28
svm_rbf,clinical,0.9797288529135315,0.92,0.26
svm_rbf,clinical,0.9823815683413055,0.92,0.24
svm_rbf,clinical,0.9859315394585485,0.92,0.22
svm_rbf,clinical,0.9875561047429701,0.94,0.22
svm_rbf,clinical,0.9892231493288018,0.94,0.2
svm_rbf,clinical,0.989241515932128,0.96,0.2
svm_rbf,clinical,0.9900139718896807,0.96,0.18
svm_rbf,clinical,0.9903795583495459,0.96,0.16
svm_rbf,clinical,0.9906797082360984,0.96,0.14
svm_rbf,clinical,0.9909861840292791,0.96,0.12
svm_rbf,clinical,0.9910052988514872,0.96,0.1
svm_rbf,clinical,0.991540713258399,0.96,0.08
svm_rbf,clinical,0.9919737783229859,0.98,0.08
svm_rbf,clinical,0.9919895874106719,0.98,0.06
svm_rbf,clinical,0.9959003112785617,0.98,0.04
svm_rbf,clinical,0.9973251796156419,1,0.04
svm_rbf,clinical,0.9978662747987226,1,0.02
svm_rbf,clinical,Inf,1,0
svm_rbf,clinical_biomarkers,-Inf,0,1
svm_rbf,clinical_biomarkers,3.4765124468094655e-7,0,1
svm_rbf,clinical_biomarkers,4.086294113969657e-6,0.020000000000000018,1
svm_rbf,clinical_biomarkers,4.479506504506681e-6,0.040000000000000036,1
svm_rbf,clinical_biomarkers,6.86132085303548e-6,0.06000000000000005,1
svm_rbf,clinical_biomarkers,1.2492904440830621e-5,0.07999999999999996,1
svm_rbf,clinical_biomarkers,1.946626638560378e-5,0.09999999999999998,1
svm_rbf,clinical_biomarkers,3.678658859962436e-5,0.12,1
svm_rbf,clinical_biomarkers,3.748927437829952e-5,0.14,1
svm_rbf,clinical_biomarkers,3.847620235797322e-5,0.16000000000000003,1
svm_rbf,clinical_biomarkers,4.858384051875664e-5,0.18000000000000005,1
svm_rbf,clinical_biomarkers,4.912662163036874e-5,0.19999999999999996,1
svm_rbf,clinical_biomarkers,5.2666017123836895e-5,0.21999999999999997,1
svm_rbf,clinical_biomarkers,5.74241514967877e-5,0.24,1
svm_rbf,clinical_biomarkers,5.881730270917984e-5,0.26,1
svm_rbf,clinical_biomarkers,6.72491383759688e-5,0.28,1
svm_rbf,clinical_biomarkers,6.795775514356617e-5,0.30000000000000004,1
svm_rbf,clinical_biomarkers,9.369272495218794e-5,0.31999999999999995,1
svm_rbf,clinical_biomarkers,9.98945920386296e-5,0.33999999999999997,1
svm_rbf,clinical_biomarkers,1.0852799546456904e-4,0.36,1
svm_rbf,clinical_biomarkers,1.1724825077930046e-4,0.38,1
svm_rbf,clinical_biomarkers,1.2051165814852549e-4,0.4,1
svm_rbf,clinical_biomarkers,1.4403921713934675e-4,0.42000000000000004,1
svm_rbf,clinical_biomarkers,1.4443009533393614e-4,0.43999999999999995,1
svm_rbf,clinical_biomarkers,1.669732625263487e-4,0.45999999999999996,1
svm_rbf,clinical_biomarkers,1.8646753114026637e-4,0.48,1
svm_rbf,clinical_biomarkers,2.1538759005734764e-4,0.5,1
svm_rbf,clinical_biomarkers,2.851991333296944e-4,0.52,1
svm_rbf,clinical_biomarkers,2.976552961724277e-4,0.54,1
svm_rbf,clinical_biomarkers,3.8596739025154037e-4,0.56,1
svm_rbf,clinical_biomarkers,5.309983876010671e-4,0.5800000000000001,1
svm_rbf,clinical_biomarkers,5.573978010885439e-4,0.6,1
svm_rbf,clinical_biomarkers,5.719859105052238e-4,0.62,1
svm_rbf,clinical_biomarkers,8.207112360441027e-4,0.64,1
svm_rbf,clinical_biomarkers,0.0011149732354932551,0.6599999999999999,1
svm_rbf,clinical_biomarkers,0.0012770236552744896,0.6799999999999999,1
svm_rbf,clinical_biomarkers,0.001766636287910961,0.7,1
svm_rbf,clinical_biomarkers,0.0018097807690039547,0.72,1
svm_rbf,clinical_biomarkers,0.00194599909349491,0.74,1
svm_rbf,clinical_biomarkers,0.00233601942897399,0.76,1
svm_rbf,clinical_biomarkers,0.00259065572632311,0.78,1
svm_rbf,clinical_biomarkers,0.0025990662942999565,0.8,1
svm_rbf,clinical_biomarkers,0.003695055162862282,0.8200000000000001,1
svm_rbf,clinical_biomarkers,0.005258773376297765,0.84,1
svm_rbf,clinical_biomarkers,0.009469349118256365,0.86,1
svm_rbf,clinical_biomarkers,0.010975617440344698,0.88,1
svm_rbf,clinical_biomarkers,0.01213899962144549,0.9,1
svm_rbf,clinical_biomarkers,0.014891036183965034,0.92,1
svm_rbf,clinical_biomarkers,0.02183055251921462,0.94,1
svm_rbf,clinical_biomarkers,0.025688306485025625,0.94,0.98
svm_rbf,clinical_biomarkers,0.03175987805381841,0.96,0.98
svm_rbf,clinical_biomarkers,0.05995874580510896,0.96,0.96
svm_rbf,clinical_biomarkers,0.3328254173182248,0.98,0.96
svm_rbf,clinical_biomarkers,0.5207644373712177,1,0.96
svm_rbf,clinical_biomarkers,0.5559244927964426,1,0.94
svm_rbf,clinical_biomarkers,0.6093559875695452,1,0.92
svm_rbf,clinical_biomarkers,0.6555176104439976,1,0.9
svm_rbf,clinical_biomarkers,0.7063082421120387,1,0.88
svm_rbf,clinical_biomarkers,0.7217247851111949,1,0.86
svm_rbf,clinical_biomarkers,0.771508343013403,1,0.84
svm_rbf,clinical_biomarkers,0.8320536211074635,1,0.82
svm_rbf,clinical_biomarkers,0.8590741298359272,1,0.8
svm_rbf,clinical_biomarkers,0.8991393921128743,1,0.78
svm_rbf,clinical_biomarkers,0.9195442170526769,1,0.76
svm_rbf,clinical_biomarkers,0.9304171150065307,1,0.74
svm_rbf,clinical_biomarkers,0.9440155211872282,1,0.72
svm_rbf,clinical_biomarkers,0.9570503334495755,1,0.7
svm_rbf,clinical_biomarkers,0.9586924046775319,1,0.68
svm_rbf,clinical_biomarkers,0.9628479700685328,1,0.66
svm_rbf,clinical_biomarkers,0.9660309507691722,1,0.64
svm_rbf,clinical_biomarkers,0.9676335939953356,1,0.62
svm_rbf,clinical_biomarkers,0.9686084217316311,1,0.6
svm_rbf,clinical_biomarkers,0.9730522476532186,1,0.58
svm_rbf,clinical_biomarkers,0.9774951187091948,1,0.56
svm_rbf,clinical_biomarkers,0.9810498177639092,1,0.54
svm_rbf,clinical_biomarkers,0.9871729807176406,1,0.52
svm_rbf,clinical_biomarkers,0.9879561733429485,1,0.5
svm_rbf,clinical_biomarkers,0.9887256484800699,1,0.48
svm_rbf,clinical_biomarkers,0.9888380234437368,1,0.46
svm_rbf,clinical_biomarkers,0.989485321408585,1,0.44
svm_rbf,clinical_biomarkers,0.989503602638604,1,0.42
svm_rbf,clinical_biomarkers,0.9896618908284901,1,0.4
svm_rbf,clinical_biomarkers,0.9902703152924482,1,0.38
svm_rbf,clinical_biomarkers,0.991818427028156,1,0.36
svm_rbf,clinical_biomarkers,0.9921234190802423,1,0.34
svm_rbf,clinical_biomarkers,0.9943836892439935,1,0.32
svm_rbf,clinical_biomarkers,0.9954490653013826,1,0.3
svm_rbf,clinical_biomarkers,0.9958556020773973,1,0.28
svm_rbf,clinical_biomarkers,0.9969268737113223,1,0.26
svm_rbf,clinical_biomarkers,0.9976978518393117,1,0.24
svm_rbf,clinical_biomarkers,0.9984789207015037,1,0.22
svm_rbf,clinical_biomarkers,0.9994731214227087,1,0.2
svm_rbf,clinical_biomarkers,0.9995570882765261,1,0.18
svm_rbf,clinical_biomarkers,0.99966805006844806,1,0.16
svm_rbf,clinical_biomarkers,0.9997189629305766,1,0.14
svm_rbf,clinical_biomarkers,0.9998552201513139,1,0.12
svm_rbf,clinical_biomarkers,0.9998739214354166,1,0.1
svm_rbf,clinical_biomarkers,0.9999077233868144,1,0.08
svm_rbf,clinical_biomarkers,0.9999838750579176,1,0.06
svm_rbf,clinical_biomarkers,0.9999865391062756,1,0.04
svm_rbf,clinical_biomarkers,0.999992782323035,1,0.02
svm_rbf,clinical_biomarkers,Inf,1,0
gbm,clinical,-Inf,0,1
gbm,clinical,0.019567012786865234,0,1
gbm,clinical,0.02487891912460327,0.020000000000000018,1
gbm,clinical,0.054640352725982666,0.040000000000000036,1
gbm,clinical,0.10368561744689941,0.06000000000000005,1
gbm,clinical,0.12237900495529175,0.07999999999999996,1
gbm,clinical,0.24881470203399658,0.07999999999999996,0.98
gbm,clinical,0.2851853370666504,0.07999999999999996,0.96
gbm,clinical,0.31467461585998535,0.07999999999999996,0.94
gbm,clinical,0.3668365478515625,0.07999999999999996,0.92
gbm,clinical,0.39822274446487427,0.09999999999999998,0.92
gbm,clinical,0.44534581899642944,0.12,0.92
gbm,clinical,0.45409440994262695,0.14,0.92
gbm,clinical,0.4600980281829834,0.16000000000000003,0.92
gbm,clinical,0.4633837342262268,0.18000000000000005,0.92
gbm,clinical,0.5025535821914673,0.19999999999999996,0.92
gbm,clinical,0.524129718542099,0.21999999999999997,0.92
gbm,clinical,0.5661017000675201,0.24,0.92
gbm,clinical,0.5814685523509979,0.26,0.92
gbm,clinical,0.5845995545387268,0.28,0.92
gbm,clinical,0.601583331823349,0.30000000000000004,0.92
gbm,clinical,0.6321799755096436,0.30000000000000004,0.9
gbm,clinical,0.632978081703186,0.31999999999999995,0.9
gbm,clinical,0.6716214716434479,0.33999999999999997,0.9
gbm,clinical,0.6734893321990967,0.36,0.9
gbm,clinical,0.7194453179836273,0.38,0.9
gbm,clinical,0.7253956496715546,0.4,0.9
gbm,clinical,0.7270426154136658,0.42000000000000004,0.9
gbm,clinical,0.7672409564256668,0.43999999999999995,0.9
gbm,clinical,0.7870025932788849,0.45999999999999996,0.9
gbm,clinical,0.789311945438385,0.48,0.9
gbm,clinical,0.792372539639473,0.5,0.9
gbm,clinical,0.7928069233894348,0.52,0.9
gbm,clinical,0.798384428024292,0.54,0.9
gbm,clinical,0.8015597760677338,0.54,0.88
gbm,clinical,0.8187747150659561,0.56,0.88
gbm,clinical,0.8358765989542007,0.5800000000000001,0.88
gbm,clinical,0.8374448865652084,0.6,0.88
gbm,clinical,0.8450697660446167,0.62,0.88
gbm,clinical,0.8454539626836777,0.64,0.88
gbm,clinical,0.8548577725887299,0.6599999999999999,0.88
gbm,clinical,0.8574308454990387,0.6599999999999999,0.86
gbm,clinical,0.8633937984704971,0.6799999999999999,0.86
gbm,clinical,0.863894060254097,0.7,0.86
gbm,clinical,0.8648345619440079,0.72,0.86
gbm,clinical,0.8674535602331161,0.74,0.86
gbm,clinical,0.8770973533391953,0.76,0.86
gbm,clinical,0.8813466727733612,0.78,0.86
gbm,clinical,0.8831159397959709,0.8,0.86
gbm,clinical,0.8896278887987137,0.8,0.84
gbm,clinical,0.891525536775589,0.8,0.82
gbm,clinical,0.8942521587014198,0.8,0.8
gbm,clinical,0.8982065469026566,0.8200000000000001,0.8
gbm,clinical,0.8985418453812599,0.8200000000000001,0.78
gbm,clinical,0.8992356657981873,0.84,0.78
gbm,clinical,0.8996105417609215,0.86,0.78
gbm,clinical,0.906395211815834,0.88,0.78
gbm,clinical,0.9094646200537682,0.88,0.76
gbm,clinical,0.9110748767852783,0.9,0.76
gbm,clinical,0.9144166558980942,0.92,0.76
gbm,clinical,0.9228294417262077,0.92,0.74
gbm,clinical,0.9255388230085373,0.92,0.72
gbm,clinical,0.9276313781738281,0.92,0.7
gbm,clinical,0.9322318211197853,0.92,0.68
gbm,clinical,0.9323991686105728,0.92,0.66
gbm,clinical,0.936677061021328,0.92,0.64
gbm,clinical,0.9394840113818645,0.92,0.62
gbm,clinical,0.9400344081223011,0.92,0.6
gbm,clinical,0.940415732562542,0.92,0.58
gbm,clinical,0.9431465342640877,0.92,0.56
gbm,clinical,0.9433399029076099,0.92,0.54
gbm,clinical,0.9440967701375484,0.92,0.52
gbm,clinical,0.9482901766896248,0.92,0.5
gbm,clinical,0.9484223946928978,0.92,0.48
gbm,clinical,0.9533964730799198,0.92,0.46
gbm,clinical,0.9550904333591461,0.92,0.44
gbm,clinical,0.9581385552883148,0.92,0.42
gbm,clinical,0.9605952389538288,0.92,0.4
gbm,clinical,0.9619755670428276,0.92,0.38
gbm,clinical,0.962438091635704,0.92,0.36
gbm,clinical,0.9625900834798813,0.92,0.34
gbm,clinical,0.9668422341346741,0.92,0.32
gbm,clinical,0.9672848470509052,0.94,0.32
gbm,clinical,0.9693927206099033,0.94,0.3
gbm,clinical,0.9704714044928551,0.94,0.28
gbm,clinical,0.9707005191594362,0.94,0.26
gbm,clinical,0.9732081741094589,0.94,0.24
gbm,clinical,0.9740009624511003,0.96,0.24
gbm,clinical,0.9774159081280231,0.96,0.22
gbm,clinical,0.9776830356568098,0.96,0.2
gbm,clinical,0.981152206659317,0.98,0.2
gbm,clinical,0.9818794243037701,0.98,0.18
gbm,clinical,0.9829352013766766,0.98,0.16
gbm,clinical,0.9830595832318068,0.98,0.14
gbm,clinical,0.98526263050735,1,0.14
gbm,clinical,0.986479558981955,1,0.12
gbm,clinical,0.9875731375068426,1,0.1
gbm,clinical,0.9913600580766797,1,0.08
gbm,clinical,0.9923145887441933,1,0.06
gbm,clinical,0.992774676065892,1,0.04
gbm,clinical,0.9945383556187153,1,0.02
gbm,clinical,Inf,1,0
gbm,clinical_biomarkers,-Inf,0,1
gbm,clinical_biomarkers,0.002522289752960205,0,1
gbm,clinical_biomarkers,0.002787768840789795,0.020000000000000018,1
gbm,clinical_biomarkers,0.002908468246459961,0.040000000000000036,1
gbm,clinical_biomarkers,0.004013717174530029,0.06000000000000005,1
gbm,clinical_biomarkers,0.0042244791984558105,0.07999999999999996,1
gbm,clinical_biomarkers,0.004332065582275391,0.09999999999999998,1
gbm,clinical_biomarkers,0.0044116973876953125,0.12,1
gbm,clinical_biomarkers,0.0045318603515625,0.14,1
gbm,clinical_biomarkers,0.004682660102844238,0.16000000000000003,1
gbm,clinical_biomarkers,0.00522005558013916,0.18000000000000005,1
gbm,clinical_biomarkers,0.005449473857879639,0.19999999999999996,1
gbm,clinical_biomarkers,0.005740046501159668,0.21999999999999997,1
gbm,clinical_biomarkers,0.0057604312896728516,0.24,1
gbm,clinical_biomarkers,0.006022930145263672,0.26,1
gbm,clinical_biomarkers,0.006554961204528809,0.28,1
gbm,clinical_biomarkers,0.006664276123046875,0.30000000000000004,1
gbm,clinical_biomarkers,0.007227480411529541,0.31999999999999995,1
gbm,clinical_biomarkers,0.007432341575622559,0.33999999999999997,1
gbm,clinical_biomarkers,0.007605910301208496,0.36,1
gbm,clinical_biomarkers,0.007802426815032959,0.38,1
gbm,clinical_biomarkers,0.008751392364501953,0.4,1
gbm,clinical_biomarkers,0.008778929710388184,0.42000000000000004,1
gbm,clinical_biomarkers,0.0090274810791015625,0.43999999999999995,1
gbm,clinical_biomarkers,0.00956714153289795,0.45999999999999996,1
gbm,clinical_biomarkers,0.012472569942474365,0.48,1
gbm,clinical_biomarkers,0.012572884559631348,0.48,0.98
gbm,clinical_biomarkers,0.01344144344329834,0.5,0.98
gbm,clinical_biomarkers,0.014376640319824219,0.52,0.98
gbm,clinical_biomarkers,0.014668703079223633,0.54,0.98
gbm,clinical_biomarkers,0.014750540256500244,0.56,0.98
gbm,clinical_biomarkers,0.014908909797668457,0.5800000000000001,0.98
gbm,clinical_biomarkers,0.014969885349273682,0.6,0.98
gbm,clinical_biomarkers,0.01573038101196289,0.62,0.98
gbm,clinical_biomarkers,0.015785038471221924,0.64,0.98
gbm,clinical_biomarkers,0.01677757501602173,0.6599999999999999,0.98
gbm,clinical_biomarkers,0.017561376094818115,0.6799999999999999,0.98
gbm,clinical_biomarkers,0.01762789487838745,0.7,0.98
gbm,clinical_biomarkers,0.019704997539520264,0.72,0.98
gbm,clinical_biomarkers,0.02201688289642334,0.74,0.98
gbm,clinical_biomarkers,0.022260725498199463,0.76,0.98
gbm,clinical_biomarkers,0.023523926734924316,0.78,0.98
gbm,clinical_biomarkers,0.02407163381576538,0.8,0.98
gbm,clinical_biomarkers,0.025605857372283936,0.8200000000000001,0.98
gbm,clinical_biomarkers,0.02750033140182495,0.84,0.98
gbm,clinical_biomarkers,0.028125762939453125,0.86,0.98
gbm,clinical_biomarkers,0.030389130115509033,0.88,0.98
gbm,clinical_biomarkers,0.030773401260375977,0.9,0.98
gbm,clinical_biomarkers,0.03238821029663086,0.92,0.98
gbm,clinical_biomarkers,0.033958256244659424,0.94,0.98
gbm,clinical_biomarkers,0.03450816869735718,0.96,0.98
gbm,clinical_biomarkers,0.037763774394989014,0.96,0.96
gbm,clinical_biomarkers,0.03890877962112427,0.96,0.94
gbm,clinical_biomarkers,0.03921711444854736,0.96,0.92
gbm,clinical_biomarkers,0.045974791049957275,0.98,0.92
gbm,clinical_biomarkers,0.04853147268295288,0.98,0.9
gbm,clinical_biomarkers,0.05370551347732544,0.98,0.88
gbm,clinical_biomarkers,0.05420440435409546,1,0.88
gbm,clinical_biomarkers,0.055999755859375,1,0.86
gbm,clinical_biomarkers,0.056505560874938965,1,0.84
gbm,clinical_biomarkers,0.06163311004638672,1,0.82
gbm,clinical_biomarkers,0.06763243675231934,1,0.8
gbm,clinical_biomarkers,0.06791740655899048,1,0.78
gbm,clinical_biomarkers,0.07193303108215332,1,0.76
gbm,clinical_biomarkers,0.07474267482757568,1,0.74
gbm,clinical_biomarkers,0.07586264610290527,1,0.72
gbm,clinical_biomarkers,0.07863014936447144,1,0.7
gbm,clinical_biomarkers,0.0792618989944458,1,0.68
gbm,clinical_biomarkers,0.08474159240722656,1,0.66
gbm,clinical_biomarkers,0.10090214014053345,1,0.64
gbm,clinical_biomarkers,0.12006360292434692,1,0.62
gbm,clinical_biomarkers,0.13207131624221802,1,0.6
gbm,clinical_biomarkers,0.13316595554351807,1,0.58
gbm,clinical_biomarkers,0.1402146816253662,1,0.56
gbm,clinical_biomarkers,0.15108609199523926,1,0.54
gbm,clinical_biomarkers,0.15922397375106812,1,0.52
gbm,clinical_biomarkers,0.16246485710144043,1,0.5
gbm,clinical_biomarkers,0.1722763180732727,1,0.48
gbm,clinical_biomarkers,0.18723785877227783,1,0.46
gbm,clinical_biomarkers,0.2054305076599121,1,0.44
gbm,clinical_biomarkers,0.21542972326278687,1,0.42
gbm,clinical_biomarkers,0.26401400566101074,1,0.4
gbm,clinical_biomarkers,0.3044232130050659,1,0.38
gbm,clinical_biomarkers,0.3122113347053528,1,0.36
gbm,clinical_biomarkers,0.42074906826019287,1,0.34
gbm,clinical_biomarkers,0.42487120628356934,1,0.32
gbm,clinical_biomarkers,0.4653414487838745,1,0.3
gbm,clinical_biomarkers,0.47002166509628296,1,0.28
gbm,clinical_biomarkers,0.5591691136360168,1,0.26
gbm,clinical_biomarkers,0.574049562215805,1,0.24
gbm,clinical_biomarkers,0.6113594770431519,1,0.22
gbm,clinical_biomarkers,0.6272053718566895,1,0.2
gbm,clinical_biomarkers,0.6673158705234528,1,0.18
gbm,clinical_biomarkers,0.7467064559459686,1,0.16
gbm,clinical_biomarkers,0.7852927297353745,1,0.14
gbm,clinical_biomarkers,0.8727022409439087,1,0.12
gbm,clinical_biomarkers,0.8937489166855812,1,0.1
gbm,clinical_biomarkers,0.9200510159134865,1,0.08
gbm,clinical_biomarkers,0.9631947241723537,1,0.06
gbm,clinical_biomarkers,0.9734274931252003,1,0.04
gbm,clinical_biomarkers,0.984455032274127,1,0.02
gbm,clinical_biomarkers,Inf,1,0
